{
  "pairs": {
    "x_vs_y": {
      "mean_ratio": 1.0681159011460357,
      "median_ratio": 1.0102195699745522,
      "std_ratio": 0.32583120081837874,
      "mean_log10_ratio": 0.012313417584770826,
      "median_log10_ratio": 0.004415777410973364,
      "std_log10_ratio": 0.11914971862807626,
      "min_ratio": 0.06255430175009237,
      "max_ratio": 4.255882655323361,
      "fraction_within_2x": 0.960209935310631,
      "fraction_within_10x": 0.9997558891736849,
      "most_stable_region": {
        "center_freq": 58.674235920331164,
        "median_ratio": 0.9838995853570331,
        "log10_ratio_std": 0.029493380519905958
      },
      "least_stable_region": {
        "center_freq": 0.5926690497003149,
        "median_ratio": 0.8140696283651008,
        "log10_ratio_std": 0.4537691705781549
      },
      "ratio_percentiles": {
        "p1": 0.4166845187535651,
        "p5": 0.7561431990439351,
        "p10": 0.8558797569619581,
        "p25": 0.9337221231124623,
        "p50": 1.0102195699745522,
        "p75": 1.1046839324921265,
        "p90": 1.3205498814555343,
        "p95": 1.6475663302075614,
        "p99": 2.4761775838164426
      },
      "log10_ratio_percentiles": {
        "p1": -0.3801926708614285,
        "p5": -0.12139595970665264,
        "p10": -0.06758724788486103,
        "p25": -0.02978235113012584,
        "p50": 0.004415777410973364,
        "p75": 0.04323803728832966,
        "p90": 0.12075480963700143,
        "p95": 0.21684286637215994,
        "p99": 0.3937817876131008
      },
      "correlation_log_amplitudes": 0.6080241486764079,
      "r_squared": 0.36969336537367053
    },
    "x_vs_a": {
      "mean_ratio": 1.088697305673201,
      "median_ratio": 1.0074027702089696,
      "std_ratio": 1.1205110159331577,
      "mean_log10_ratio": 0.007933263624340752,
      "median_log10_ratio": 0.0032031407690769325,
      "std_log10_ratio": 0.1282821705374735,
      "min_ratio": 0.13761130410335132,
      "max_ratio": 53.401106718999934,
      "fraction_within_2x": 0.9617966556816795,
      "fraction_within_10x": 0.9985353350421091,
      "most_stable_region": {
        "center_freq": 35.560142982018895,
        "median_ratio": 1.0036711286325861,
        "log10_ratio_std": 0.030521420296819653
      },
      "least_stable_region": {
        "center_freq": 0.5926690497003149,
        "median_ratio": 1.0449899678074541,
        "log10_ratio_std": 0.5728327148235174
      },
      "ratio_percentiles": {
        "p1": 0.3745264821106243,
        "p5": 0.7313297229354214,
        "p10": 0.852933274895706,
        "p25": 0.9319333389684589,
        "p50": 1.0074027702089696,
        "p75": 1.0985149269350563,
        "p90": 1.272732059263585,
        "p95": 1.5394994904381296,
        "p99": 2.3159620751171057
      },
      "log10_ratio_percentiles": {
        "p1": -0.426517487550297,
        "p5": -0.1358867807838331,
        "p10": -0.06908494242960365,
        "p25": -0.030615151544671322,
        "p50": 0.0032031407690769325,
        "p75": 0.04080596261427355,
        "p90": 0.10473698321030107,
        "p95": 0.18737954305458562,
        "p99": 0.3647314224948781
      },
      "correlation_log_amplitudes": 0.5398603942716917,
      "r_squared": 0.29144924530318644
    },
    "y_vs_a": {
      "mean_ratio": 1.0162923043122118,
      "median_ratio": 0.9951426495395065,
      "std_ratio": 0.4994378482519652,
      "mean_log10_ratio": -0.0043801539604526995,
      "median_log10_ratio": -0.0021146604931005807,
      "std_log10_ratio": 0.08516337695498556,
      "min_ratio": 0.22174960945889108,
      "max_ratio": 27.770890504538954,
      "fraction_within_2x": 0.985109239594776,
      "fraction_within_10x": 0.9995117783473697,
      "most_stable_region": {
        "center_freq": 13.03871909340693,
        "median_ratio": 1.0021414995616198,
        "log10_ratio_std": 0.0259341484100136
      },
      "least_stable_region": {
        "center_freq": 0.5926690497003149,
        "median_ratio": 1.2868044902355393,
        "log10_ratio_std": 0.2757634389050368
      },
      "ratio_percentiles": {
        "p1": 0.5346016618221561,
        "p5": 0.7792145827706713,
        "p10": 0.8497036910425538,
        "p25": 0.9254643719892222,
        "p50": 0.9951426495395065,
        "p75": 1.0649072509160165,
        "p90": 1.1358258952215252,
        "p95": 1.1951584318902757,
        "p99": 1.8108022324311708
      },
      "log10_ratio_percentiles": {
        "p1": -0.27196969610928573,
        "p5": -0.10834295679974845,
        "p10": -0.0707324952071461,
        "p25": -0.033640295815792885,
        "p50": -0.0021146604931005807,
        "p75": 0.027311784141465758,
        "p90": 0.05531176573920939,
        "p95": 0.07742547966994763,
        "p99": 0.25787072367209407
      },
      "correlation_log_amplitudes": 0.7755563026046178,
      "r_squared": 0.6014875785097455
    }
  },
  "global": {}
}