{
  "dataset": "IMG_0586",
  "detector": {
    "baseline_window_s": 18.0,
    "broadband_max_hz": 25.0,
    "broadband_min_hz": 3.0,
    "delay_s": 1.0,
    "exclude_before_s": 1.0,
    "hit_window_s": 5.0,
    "min_hit_separation_s": 6.0,
    "region_mode": "interhit",
    "sliding_len_s": 1.5,
    "smooth_window_s": 0.35,
    "strength_window_s": 2.5,
    "threshold_sigma": 3.0
  },
  "hit_times_s": [
    26.38896337795641,
    58.9286826583114,
    92.09999999999476,
    124.9499999999929,
    150.29999999999146,
    156.89999999999108,
    185.90068005639765,
    189.59999999998922,
    219.94997394254233,
    223.34999999998732,
    247.79323889377392,
    253.1999999999856,
    260.5499999999852,
    281.849999999984,
    307.1698400548341,
    333.749999999981,
    348.29999999998023
  ],
  "source_component": "x"
}
